{"cameraMode":{"drawMode":0,"name":"Shaded","section":"Shading Mode"},"sceneLighting":false,"audioPlay":false,"sceneViewState":{"m_AlwaysRefresh":false,"showFog":true,"showSkybox":false,"showFlares":true,"showImageEffects":true,"showParticleSystems":true,"showVisualEffectGraphs":true,"m_FxEnabled":true},"in2DMode":false,"pivot":{"x":-0.3699988126754761,"y":1.4912490844726563,"z":10.588543891906739},"rotation":{"x":-0.08029578626155853,"y":0.020026376470923425,"z":-0.0016140432562679053,"w":-0.9965712428092957},"size":2.5738179683685304,"orthographic":false}