{"cameraMode":{"drawMode":0,"name":"Shaded","section":"Shading Mode"},"sceneLighting":false,"audioPlay":false,"sceneViewState":{"m_AlwaysRefresh":false,"showFog":true,"showSkybox":false,"showFlares":true,"showImageEffects":true,"showParticleSystems":true,"showVisualEffectGraphs":true,"m_FxEnabled":true},"in2DMode":false,"pivot":{"x":-0.13999998569488526,"y":0.8175015449523926,"z":2.839999198913574},"rotation":{"x":0.4000433683395386,"y":0.08367549628019333,"z":-0.03670636564493179,"w":0.9119307398796082},"size":1.4159462451934815,"orthographic":false}