{"cameraMode":{"drawMode":0,"name":"Shaded","section":"Shading Mode"},"sceneLighting":false,"audioPlay":false,"sceneViewState":{"m_AlwaysRefresh":false,"showFog":true,"showSkybox":false,"showFlares":true,"showImageEffects":true,"showParticleSystems":true,"showVisualEffectGraphs":true,"m_FxEnabled":true},"in2DMode":false,"pivot":{"x":-5.960464477539063e-8,"y":0.9233397245407105,"z":0.2637845277786255},"rotation":{"x":0.48650386929512026,"y":0.22903822362422944,"z":-0.13385844230651856,"w":0.8324298858642578},"size":1.5834566354751588,"orthographic":false}